{
    "e": [
        "g", "g", "g", "g"
    ],
    "f": {
        "g": {
            "g": {
                "g": {
                    "g": {
                        "g": {
                            "g": {
                                "g": {
                                    "g": {
                                        "g": {
                                            "g": {
                                                "g": {
                                                    "g": {
                                                        "g": {
                                                            "g": {
                                                                "g": {
                                                                    "g": {
                                                                    }
                                                                }
                                                            },
                                                            "d": 1,
                                                            "h": 43e19,
                                                            "d": 3
                                                        }
                                                    }
                                                }
                                            }
                                        }
                                    }
                                }
                            }
                        }
                    }
                }
            }
        }
    }
}